id,title,site_name,source_url,purpose,analysis_text,expected_verdict,expected_domain,reference_urls,snapshot_has_author,snapshot_has_published_at,snapshot_reference_link_count,snapshot_extraction_score
positive-accurate-01-nhk-broadcasts-200-human-sacrifices,（動画）NHKが「集団生贄200人」という歌詞の歌を放映した？,日本ファクトチェックセンター,https://www.factcheckcenter.jp/fact-check/culture/nhk-broadcasts-200-human-sacrifices/,日本ファクトチェックセンターの公開ファクトチェック記事を基にした実在ネット記事ケース,NHKが「集団生贄200人」という歌詞の歌を放映した,正確,一般,https://www.factcheckcenter.jp/fact-check/culture/nhk-broadcasts-200-human-sacrifices/,True,True,1,82
positive-accurate-02-why-not-in-the-news-shizuoka-flood-images-are-real,なぜニュースにならないの？ 静岡県内の水害画像は本物,日本ファクトチェックセンター,https://www.factcheckcenter.jp/fact-check/disasters/why-not-in-the-news-shizuoka-flood-images-are-real/,日本ファクトチェックセンターの公開ファクトチェック記事を基にした実在ネット記事ケース,2022年9月25日に「なぜニュースにならないの？」という文とともに投稿された3枚の画像は、静岡市南部・巴川の氾濫による被害を写した写真である。,正確,災害,https://www.factcheckcenter.jp/fact-check/disasters/why-not-in-the-news-shizuoka-flood-images-are-real/,True,True,1,82
positive-accurate-03-aaa-com-article-accurate-koizumi-warns-typhoon,小泉進次郎氏が台風10号の注意喚起をする動画はAI加工？ 公式が投稿,日本ファクトチェックセンター,https://www.factcheckcenter.jp/fact-check/politics/aaa-com-article-accurate-koizumi-warns-typhoon/,日本ファクトチェックセンターの公開ファクトチェック記事を基にした実在ネット記事ケース,自民党の小泉進次郎氏が台風10号への注意を呼びかける動画は、公式アカウントで配信された本人の発言である。,正確,災害,https://www.factcheckcenter.jp/fact-check/politics/aaa-com-article-accurate-koizumi-warns-typhoon/,True,True,1,82
positive-accurate-04-wasegg210726-2,日本の研究者は新しい歯を生やす治療法を開発している,Snopes,https://www.snopes.com/fact-check/japanese-researchers-new-teeth/,Snopes の公開ファクトチェック記事を基にした、日本関連の実在ネット記事ケース,日本の研究者らが、歯を再生させる可能性のある薬剤を開発した。,正確,医療,https://www.snopes.com/fact-check/japanese-researchers-new-teeth/,True,True,1,82
positive-accurate-05-jid211030-2,社民党福島みずほ党首の発言「（アベノマスクに）500億円ほど税金を使っている」は“正確”,Japan In-depth,https://japan-indepth.jp/?p=62738,FactCheck Navi が集約した Japan In-depth の公開ファクトチェック記事を基にした実在ネット記事ケース,"アベノマスクをずっと追及してきましたが、全部で500億円ほど税金を使っています。アベノマスクは介護現場では使えないと散々言われました。115億円分余剰とは全くの無駄遣いです。
政府配布の布マスク、8200万枚・115億円分余剰　検査院: 日本経済新聞",正確,医療,https://japan-indepth.jp/?p=62738 | https://navi.fij.info/factcheck_navi/jid211030-2/,True,True,2,80
positive-accurate-06-wasegg220314-8,日本のジェットコースター『ド・ドドンパ』は1.56秒で時速112マイルに達した,Snopes,https://www.snopes.com/fact-check/do-dodonpa-roller-coaster/,Snopes の公開ファクトチェック記事を基にした、日本関連の実在ネット記事ケース,ド・ドドンパ・ジェットコースターは骨折事故発生を受け、営業を終了した。,正確,一般,https://www.snopes.com/fact-check/do-dodonpa-roller-coaster/,True,True,1,82
positive-accurate-07-infact220706,志位和夫委員長「今度の参議院選挙でも、一人区の大体半分で野党候補ひとりになってます」は「正確」【InFact】 （2022.7.6）,InFact,https://infact.press/2022/07/post-20327/,FactCheck Navi が集約した InFact の公開ファクトチェック記事を基にした実在ネット記事ケース,志位和夫委員長「今度の参議院選挙でも、一人区の大体半分で野党候補ひとりになってます」,正確,一般,https://infact.press/2022/07/post-20327/ | https://navi.fij.info/factcheck_navi/infact220706/,True,True,2,80
positive-accurate-08-jid220707,共同通信「G7、インフラ投資81兆円」→正確【Japan In-depth】 （2022.7.7）,Japan In-depth,https://japan-indepth.jp/?p=67793,FactCheck Navi が集約した Japan In-depth の公開ファクトチェック記事を基にした実在ネット記事ケース,G7が日本円で81兆円に相当する6千億ドルを、途上国のインフラ投資に回す,正確,金融,https://japan-indepth.jp/?p=67793 | https://navi.fij.info/factcheck_navi/jid220707/,True,True,2,80
positive-accurate-09-infact220821,小麦価格の即時引き下げは可能なのか？立憲民主党の泉代表の発言を検証【InFact】 （2022.8.21）,InFact,https://infact.press/2022/08/post-20507/,FactCheck Navi が集約した InFact の公開ファクトチェック記事を基にした実在ネット記事ケース,価格改定の法的根拠となる「主要食料の需給及び価格の安定に関する法律」42条は、価格の上限は定めているものの、改定時期を限定していない。,正確,金融,https://infact.press/2022/08/post-20507/ | https://navi.fij.info/factcheck_navi/infact220821/,True,True,2,80
positive-accurate-10-wasegg220709-2,パラオは米国から送られる一部移民の受け入れ合意に署名した,Snopes,https://www.snopes.com/fact-check/palau-us-migrants-deal/,Snopes の公開ファクトチェック記事を基にした、日本関連の実在ネット記事ケース,パラオは750万ドルの合意に基づき、米国から強制送還された最大75人を受け入れることに同意した。,正確,政治,https://www.snopes.com/fact-check/palau-us-migrants-deal/,True,True,1,82
positive-accurate-11-litmus221003,「高額医療費負担廃止検討」は正確だが誤解に注意 利用者へ返金の「高額療養費制度」とは別制度【リトマス】 （2022.10.3）,リトマス,https://litmus-factcheck.jp/2022/10/977/,FactCheck Navi が集約した リトマス の公開ファクトチェック記事を基にした実在ネット記事ケース,国民健康保険の一部を国が負担する「高額医療費負担」を廃止し、都道府県の負担とすることを財務省が検討している,正確,医療,https://litmus-factcheck.jp/2022/10/977/ | https://navi.fij.info/factcheck_navi/litmus221003/,True,True,2,80
positive-accurate-12-mainichi230505,〖衆院選26FactCheck〗参政党・神谷代表「大学は増えている」は本当か？,InFact,https://infact.press/2026/02/post-26458/,InFact の公開ファクトチェック記事を基にした実在ネット記事ケース,参政党・神谷代表「大学は増えている」,正確,政治,https://infact.press/2026/02/post-26458/,True,True,1,80
positive-accurate-13-litmus230706,〖参議院選25FactCheck〗玉木代表「住民税非課税世帯の４分の３は高齢者」発言を検証,InFact,https://infact.press/2025/07/post-25455/,InFact の公開ファクトチェック記事を基にした実在ネット記事ケース,玉木代表「住民税非課税世帯の４分の３は高齢者」,正確,政治,https://infact.press/2025/07/post-25455/,True,True,1,80
positive-accurate-14-post-23899,河野太郎元ワクチン接種推進大臣「『アメリカでは２億回ワクチンを接種して亡くなった人はいない』とCDCが発表」は本当か？,InFact,https://infact.press/2024/12/post-23899/,InFact の公開ファクトチェック記事を基にした実在ネット記事ケース,河野太郎「『アメリカでは２億回ワクチンを接種して亡くなった人はいない』とCDCが発表」,正確,医療,https://infact.press/2024/12/post-23899/,True,True,1,82
positive-accurate-15-japan-experimental-forestry,日本の円形林は実在する実験林,Snopes,https://www.snopes.com/fact-check/japan-experimental-forestry/,Snopes の公開ファクトチェック記事を基にした、日本関連の実在ネット記事ケース,日本には円形の実験林が存在する,正確,一般,https://www.snopes.com/fact-check/japan-experimental-forestry/,True,True,1,82
positive-accurate-16-japanese-robotic-monster-wolves,日本の町でクマよけにロボットのオオカミが使われた,Snopes,https://www.snopes.com/fact-check/japanese-robotic-monster-wolves/,Snopes の公開ファクトチェック記事を基にした、日本関連の実在ネット記事ケース,日本のある町では、住民からクマとの遭遇や目撃情報が増加しているとの報告を受け、オオカミに偽装したロボット2体を使ってクマを地域から追い払った。,正確,一般,https://www.snopes.com/fact-check/japanese-robotic-monster-wolves/,True,True,1,82
positive-accurate-17-toyota-city-japan-name,トヨタ市は自動車会社トヨタにちなんで改称された,Snopes,https://www.snopes.com/fact-check/toyota-city-japan-name/,Snopes の公開ファクトチェック記事を基にした、日本関連の実在ネット記事ケース,日本の豊田市は、自動車メーカーであるトヨタ自動車にちなんで名付けられた。,正確,一般,https://www.snopes.com/fact-check/toyota-city-japan-name/,True,True,1,82
positive-accurate-18-square-watermelon,四角いスイカは本物,Snopes,https://www.snopes.com/fact-check/square-watermelon/,Snopes の公開ファクトチェック記事を基にした、日本関連の実在ネット記事ケース,日本で作られている四角いスイカは実在し、観賞用や贈答用として栽培されている。,正確,一般,https://www.snopes.com/fact-check/square-watermelon/,True,True,1,82
positive-accurate-19-ronald-mcdonald-name-japan,日本ではロナルド・マクドナルドをドナルド・マクドナルドと呼ぶ,Snopes,https://www.snopes.com/fact-check/ronald-mcdonald-name-japan/,Snopes の公開ファクトチェック記事を基にした、日本関連の実在ネット記事ケース,日本国内のマクドナルドのフランチャイズ店では、ロナルド・マクドナルドはドナルド・マクドナルドという名前で呼ばれている,正確,一般,https://www.snopes.com/fact-check/ronald-mcdonald-name-japan/,True,True,1,82
positive-accurate-20-photos-japan-orca,北海道沖で撮影された白いシャチの写真は本物,Snopes,https://www.snopes.com/fact-check/photos-japan-orca/,Snopes の公開ファクトチェック記事を基にした、日本関連の実在ネット記事ケース,北海道沖で白いシャチの写真が撮影された,正確,一般,https://www.snopes.com/fact-check/photos-japan-orca/,True,True,1,82
positive-mostly-accurate-01-ainu-dance-filmed-1919,（動画）アイヌの踊りが1919年に撮影された？,日本ファクトチェックセンター,https://www.factcheckcenter.jp/fact-check/history/ainu-dance-filmed-1919/,日本ファクトチェックセンターの公開ファクトチェック記事を基にした実在ネット記事ケース,アイヌの踊りが1919年に撮影された,ほぼ正確,一般,https://www.factcheckcenter.jp/fact-check/history/ainu-dance-filmed-1919/,True,True,1,82
positive-mostly-accurate-02-real-image-of-jovial-swedish-people-despite-train-station-flooding-caused-by-typhoon,五輪で BLM の服装だけが特別に禁止されたわけではない,Snopes,https://www.snopes.com/fact-check/blm-olympics-apparel-banned/,Snopes の公開ファクトチェック記事を基にした、日本関連の実在ネット記事ケース,国際オリンピック委員会（IOC）は、2020年の東京オリンピック競技大会において、「ブラック・ライブズ・マター」の文字が入った衣服の着用を禁止した。,ほぼ正確,一般,https://www.snopes.com/fact-check/blm-olympics-apparel-banned/,True,True,1,82
positive-mostly-accurate-03-almost-accurate-claim-iaea-not-verifying-filtration-performance-of-contaminated-water,IAEA、汚染水のろ過性能を検証していない？,日本ファクトチェックセンター,https://www.factcheckcenter.jp/fact-check/nuclear/almost-accurate-claim-iaea-not-verifying-filtration-performance-of-contaminated-water/,日本ファクトチェックセンターの公開ファクトチェック記事を基にした実在ネット記事ケース,国際原子力機関（IAEA）、汚染水をろ過する多核種除去設備（ALPS）の性能検証を一度もしていなかった,ほぼ正確,一般,https://www.factcheckcenter.jp/fact-check/nuclear/almost-accurate-claim-iaea-not-verifying-filtration-performance-of-contaminated-water/,True,True,1,82
positive-mostly-accurate-04-infact200912,大村知事リコール運動 ｢署名者の個人情報が公開される｣は本当か？【InFact】 （2020.9.12）,InFact,https://infact.press/2020/09/post-8286/,FactCheck Navi が集約した InFact の公開ファクトチェック記事を基にした実在ネット記事ケース,愛知県の大村秀章知事のリコールに賛同した署名者の個人情報は公開される,ほぼ正確,一般,https://infact.press/2020/09/post-8286/ | https://navi.fij.info/factcheck_navi/infact200912/,True,True,2,80
positive-mostly-accurate-05-infact211023-3,新型コロナの1日当たり死者数で東京はニューヨーク市を上回っていた,Snopes,https://www.snopes.com/fact-check/covid-nyc-tokyo/,Snopes の公開ファクトチェック記事を基にした、日本関連の実在ネット記事ケース,ニューヨーク市の新型コロナウイルスによる死亡率は、東京の250倍高い,ほぼ正確,医療,https://www.snopes.com/fact-check/covid-nyc-tokyo/,True,True,1,82
positive-mostly-accurate-06-jid211024-1,スウェーデンはごみを輸入して発電や暖房に使っている,Snopes,https://www.snopes.com/fact-check/sweden-import-trash/,Snopes の公開ファクトチェック記事を基にした、日本関連の実在ネット記事ケース,スウェーデンは、電力と暖房を生産する廃棄物発電所の燃料となる廃棄物が不足しているため、他国から廃棄物を輸入している。,ほぼ正確,一般,https://www.snopes.com/fact-check/sweden-import-trash/,True,True,1,82
positive-mostly-accurate-07-jid211029-01,マサチューセッツ州の富裕税は15億ドル超の税収を生んだ,Snopes,https://www.snopes.com/fact-check/tax-massachusetts-millionaires/,Snopes の公開ファクトチェック記事を基にした、日本関連の実在ネット記事ケース,マサチューセッツ州の有権者は、100万ドルを超える所得に対する4％の追加税を承認し、これにより15億ドルの歳入が得られた。,ほぼ正確,金融,https://www.snopes.com/fact-check/tax-massachusetts-millionaires/,True,True,1,82
positive-mostly-accurate-08-asahi211116-2,ギザのピラミッド建設労働者にはビールが配給されていた,Snopes,https://www.snopes.com/fact-check/beer-egypt-pyramids-rations/,Snopes の公開ファクトチェック記事を基にした、日本関連の実在ネット記事ケース,ギザのピラミッドを建設した古代エジプトの労働者たちは、毎日4～5リットルのビールを配給されていた。,ほぼ正確,一般,https://www.snopes.com/fact-check/beer-egypt-pyramids-rations/,True,True,1,82
positive-mostly-accurate-09-infact211217-1,コロナワクチン接種後の心筋炎が昨年の『260倍以上』を検証,InFact,https://infact.press/2021/12/post-14886/,FactCheck Navi が集約した InFact の公開ファクトチェック記事を基にした実在ネット記事ケース,2021年に米国に報告されたワクチン接種後の心筋炎の報告数が、前年の260倍以上になっている,ほぼ正確,医療,https://infact.press/2021/12/post-14886/ | https://navi.fij.info/factcheck_navi/infact211217-1/,True,True,2,80
positive-mostly-accurate-10-infact220704,岸田首相の発言「今年の春闘の賃上げ率2.08%は、過去20年で2番目に高い」は、ほぼ正確【InFact】 （2022.7.4）,InFact,https://infact.press/2022/07/post-20275/,FactCheck Navi が集約した InFact の公開ファクトチェック記事を基にした実在ネット記事ケース,岸田首相の発言「今年の春闘の賃上げ率2.08%は、過去20年で2番目に高い」,ほぼ正確,金融,https://infact.press/2022/07/post-20275/ | https://navi.fij.info/factcheck_navi/infact220704/,True,True,2,80
positive-mostly-accurate-11-infact220706-2,山本太郎代表「安倍さんが総理大臣時代に、消費税増税分の二割程度は社会保障に使ったけど、八割を借金返しに使ったと言った」は「ほぼ正確」【InFact】 （2022.7.6）,InFact,https://infact.press/2022/07/post-20376/,FactCheck Navi が集約した InFact の公開ファクトチェック記事を基にした実在ネット記事ケース,山本太郎代表「安倍さんが総理大臣時代に、消費税増税分の二割程度は社会保障に使ったけど、八割を借金返しに使ったと言った」,ほぼ正確,金融,https://infact.press/2022/07/post-20376/ | https://navi.fij.info/factcheck_navi/infact220706-2/,True,True,2,80
positive-mostly-accurate-12-infact220708,公明党議員「公示前のタスキは、禁じられています」というツイートは「ほぼ正確」【InFact】 （2022.7.8）,InFact,https://infact.press/2022/07/post-20398/,FactCheck Navi が集約した InFact の公開ファクトチェック記事を基にした実在ネット記事ケース,公明党議員「公示前のタスキは、禁じられています」,ほぼ正確,一般,https://infact.press/2022/07/post-20398/ | https://navi.fij.info/factcheck_navi/infact220708/,True,True,2,80
positive-mostly-accurate-13-infact220823,志位和夫委員長「大学の入学金制度は『世界で日本にしかない』」は「ほぼ正確」【InFact】 （2022.8.23）,InFact,https://infact.press/2022/08/post-20690/,FactCheck Navi が集約した InFact の公開ファクトチェック記事を基にした実在ネット記事ケース,志位和夫委員長「大学の入学金制度は『世界で日本にしかない』」,ほぼ正確,一般,https://infact.press/2022/08/post-20690/ | https://navi.fij.info/factcheck_navi/infact220823/,True,True,2,80
positive-mostly-accurate-14-bfj230313,WBC中継で「オーストラリアにはカンガルーが5000万頭いる」→ほぼ正確。人口比では､､､【BuzzFeed Japan】 （2023.3.13）,BuzzFeed Japan,https://www.buzzfeed.com/jp/keitaaimoto/kangaroo-fc,FactCheck Navi が集約した BuzzFeed Japan の公開ファクトチェック記事を基にした実在ネット記事ケース,WBC中継で「オーストラリアにはカンガルーが5000万頭いる」,ほぼ正確,金融,https://www.buzzfeed.com/jp/keitaaimoto/kangaroo-fc | https://navi.fij.info/factcheck_navi/bfj230313/,True,True,2,80
positive-mostly-accurate-15-post-22724,ファウチ博士は、「社会的距離のルールは科学的根拠ゼロ」と発言したのか？,InFact,https://infact.press/2024/01/post-22724/,InFact の公開ファクトチェック記事を基にした実在ネット記事ケース,1月9日、ファウチ博士は米下院特別小委員会で、６フィートの社会的距離のルールは完全にでっち上げであり、科学的根拠はゼロであったことを認めた。,ほぼ正確,一般,https://infact.press/2024/01/post-22724/,True,True,1,82
positive-mostly-accurate-16-post-22836,WHO事務局長「強制していない」は「ほぼ正確」,InFact,https://infact.press/2024/03/post-22836/,InFact の公開ファクトチェック記事を基にした実在ネット記事ケース,WHO(世界保健機関)のテドロス事務局長「WHOは新型コロナウイルスパンデミックの際、誰にも何も強制していない。」,ほぼ正確,医療,https://infact.press/2024/03/post-22836/,True,True,1,82
positive-mostly-accurate-17-23435,スイスの安楽死についてファクトチェック,InFact,https://infact.press/2024/06/23435/,InFact の公開ファクトチェック記事を基にした実在ネット記事ケース,200万と語学力が無いとスイスで安楽死出来ません,ほぼ正確,医療,https://infact.press/2024/06/23435/,True,True,1,82
positive-mostly-accurate-18-kobe-pension-standardly-nontaxable,年金受給者は標準的に非課税,神戸新聞NEXT,https://www.kobe-np.co.jp/news/society/202507/0019232569.shtml,神戸新聞の選挙ファクト検証記事を基にした実在ネット記事ケース,住民税非課税世帯への給付が繰り返されるが、年金受給者は控除により非課税になりやすく標準的には非課税です。「年金控除＋非課税世帯への給付」の組合せにより、結果として高齢者優遇となり、現役世代との間に著しい不公平が生じています。裁量的なバラマキは止め、一律の支援制度へと改めるべきです,ほぼ正確,金融,https://www.kobe-np.co.jp/news/society/202507/0019232569.shtml,True,True,1,78
positive-mostly-accurate-19-japanese-electric-car-200km-single-charge,1949年の日本製電気自動車は1回の充電で約200キロ走れた,Snopes,https://www.snopes.com/fact-check/japanese-electric-car-200km-single-charge/,Snopes の公開ファクトチェック記事を基にした、日本関連の実在ネット記事ケース,日本の自動車メーカーは1949年に、1回の充電で200km走行できる電気自動車を開発した。,ほぼ正確,一般,https://www.snopes.com/fact-check/japanese-electric-car-200km-single-charge/,True,True,1,82
positive-mostly-accurate-20-blobfish-natural-environment,バイデン政権はマドゥロに2500万ドルの懸賞金をかけたのか,Snopes,https://www.snopes.com/fact-check/biden-bounty-maduro/,Snopes の公開ファクトチェック記事を基にした、日本関連の実在ネット記事ケース,バイデン政権はマドゥロに2500万ドルの懸賞金をかけた,ほぼ正確,政治,https://www.snopes.com/fact-check/biden-bounty-maduro/,True,True,1,82
jfc-hold-01-yokohama-team-mirai-election-fraud-unfounded,チームみらいの票が極めて不自然? 事前の報道でも予測されていた,日本ファクトチェックセンター,https://www.factcheckcenter.jp/fact-check/politics/yokohama-team-mirai-election-fraud-unfounded/,JFC の公開ファクトチェック記事を基にした実在ネット記事ケース,「横浜市某区の開票立会い人をやってきた チームみらいの票が極めて不自然」「開票立会い人も来てない参政党みたいな活動も何もしてない党が参政党の1.5倍の比例票を取った」「票を目視確認したが、折り目のない票が8割ほど」,判断保留,一般,https://www.factcheckcenter.jp/fact-check/politics/yokohama-team-mirai-election-fraud-unfounded/,True,True,1,82
jfc-hold-02-baseless-healthworkers-mynahokensho,医療従事者はマイナ保険証にしない人が大多数? 根拠となるデータなし,日本ファクトチェックセンター,https://www.factcheckcenter.jp/fact-check/health/baseless-healthworkers-mynahokensho/,JFC の公開ファクトチェック記事を基にした実在ネット記事ケース,実は医療従事者はマイナ保険証にしない人が大多数だという事実、一般の人はあまりご存知ないでしょうね。私も資格確認証を利用していて、マイナ保険証にする予定はありません,判断保留,医療,https://www.factcheckcenter.jp/fact-check/health/baseless-healthworkers-mynahokensho/,True,True,1,82
jfc-hold-03-baseless-trump-said-all-hell-break-loose,米トランプ大統領が「9月1日に全てが大混乱に」と発言? そのような情報はない,日本ファクトチェックセンター,https://www.factcheckcenter.jp/fact-check/international/baseless-trump-said-all-hell-break-loose/,JFC の公開ファクトチェック記事を基にした実在ネット記事ケース,米トランプ大統領が9月1日に「全てが大混乱に陥る」と発言,判断保留,一般,https://www.factcheckcenter.jp/fact-check/international/baseless-trump-said-all-hell-break-loose/,True,True,1,82
jfc-hold-04-baseless-jal123-fake-voice-recorder,日航123便墜落事故で機長が「被弾したぞ」と発言? 記録も音声も根拠もなし,日本ファクトチェックセンター,https://www.factcheckcenter.jp/fact-check/affairs/baseless-jal123-fake-voice-recorder/,JFC の公開ファクトチェック記事を基にした実在ネット記事ケース,日航123便墜落事故で機長が「被弾したぞ」と発言。ボイスレコーダーに記録あり。,判断保留,一般,https://www.factcheckcenter.jp/fact-check/affairs/baseless-jal123-fake-voice-recorder/,True,True,1,82
jfc-hold-05-baseless-solar-panels-not-covered-by-fire-insurance,日本の科学者は MRI で夢を記録した？,Snopes,https://www.snopes.com/fact-check/mri-record-dreams-japanese-scientists/,Snopes の公開ファクトチェック記事を基にした実在ネット記事ケース,日本の科学者たちは、夢を記録し、後で見ることができるように再構成できるMRI装置の開発に成功した。,判断保留,一般,https://www.snopes.com/fact-check/mri-record-dreams-japanese-scientists/,True,True,1,82
jfc-hold-06-baseless-ohtani-said-illegal-immigrants-should-leave,大谷翔平選手が「不法移民は出ていくべき」と発言? パロディアカウントによる投稿,日本ファクトチェックセンター,https://www.factcheckcenter.jp/fact-check/culture/baseless-ohtani-said-illegal-immigrants-should-leave/,JFC の公開ファクトチェック記事を基にした実在ネット記事ケース,大谷翔平選手が「不法移民は出ていくべきだ」と発言した,判断保留,一般,https://www.factcheckcenter.jp/fact-check/culture/baseless-ohtani-said-illegal-immigrants-should-leave/,True,True,1,82
jfc-hold-07-baseless-whale-sardine-beach-earthquake,イワシやクジラの漂着は地震の影響？関連づける根拠やデータはない,日本ファクトチェックセンター,https://www.factcheckcenter.jp/fact-check/disasters/baseless-whale-sardine-beach-earthquake/,JFC の公開ファクトチェック記事を基にした実在ネット記事ケース,イワシやクジラ、イルカの漂着は地震の前兆もしくは影響,判断保留,災害,https://www.factcheckcenter.jp/fact-check/disasters/baseless-whale-sardine-beach-earthquake/,True,True,1,82
jfc-hold-08-false-claim-korean-massacre-6000-lie,関東大震災、朝鮮人6000人虐殺は『100%嘘』？ NHK朝ドラ「虎に翼」をきっかけに拡散,日本ファクトチェックセンター,https://www.factcheckcenter.jp/fact-check/history/false-claim-korean-massacre-6000-lie/,JFC の公開ファクトチェック記事を基にした実在ネット記事ケース,関東大震災で朝鮮人6000人虐殺は『100%嘘』,判断保留,一般,https://www.factcheckcenter.jp/fact-check/history/false-claim-korean-massacre-6000-lie/,True,True,1,82
jfc-hold-09-baseless-uniqlo-china-factory-exit,ポケモンの特定回がてんかんを引き起こした？,Snopes,https://www.snopes.com/fact-check/pokemon-episode-causes-epilepsy/,Snopes の公開ファクトチェック記事を基にした実在ネット記事ケース,人気子ども向けテレビ番組「ポケモン」 のあるエピソードが、日本で600人以上の幼児にてんかん発作を引き起こした。,判断保留,一般,https://www.snopes.com/fact-check/pokemon-episode-causes-epilepsy/,True,True,1,82
jfc-hold-10-kanagawa-10000-invalid-votes-fraud-claim,衆議院選・神奈川15区の無効票1万1025票は異常? 前回より微増、選管「トラブルなし」,日本ファクトチェックセンター,https://www.factcheckcenter.jp/fact-check/politics/kanagawa-10000-invalid-votes-fraud-claim/,JFC の公開ファクトチェック記事を基にした実在ネット記事ケース,"神奈川15区、無効票11025票！？
何これ、異常でしょ",判断保留,一般,https://www.factcheckcenter.jp/fact-check/politics/kanagawa-10000-invalid-votes-fraud-claim/,True,True,1,82
jfc-hold-11-baseless-exposition-pneumonia-class-closure,地球に一時的な『第二の月』ができる？,Snopes,https://www.snopes.com/fact-check/earth-temporary-second-moon/,Snopes の公開ファクトチェック記事を基にした実在ネット記事ケース,2025年末時点で、NASAは地球の軌道上に一時的に存在する第二の月の存在を確認しており、その月は2083年まで地球の周回軌道上に留まると予測されている。,判断保留,一般,https://www.snopes.com/fact-check/earth-temporary-second-moon/,True,True,1,82
jfc-hold-12-baseless-trump-said-he-will-save-japanese-citizens,米トランプ大統領「日本政府は助けるつもりはないが日本国民は助けるつもり」と発言? 発言の記録なし,日本ファクトチェックセンター,https://www.factcheckcenter.jp/fact-check/international/baseless-trump-said-he-will-save-japanese-citizens/,JFC の公開ファクトチェック記事を基にした実在ネット記事ケース,米トランプ大統領が「私は日本政府は助けるつもりはないが、日本国民は助けるつもりだ」と発言,判断保留,一般,https://www.factcheckcenter.jp/fact-check/international/baseless-trump-said-he-will-save-japanese-citizens/,True,True,1,82
jfc-hold-13-baseless_nankai_trough_earthquake_aug14,2024年8月14日に南海トラフ地震が発生？ 6年前の根拠不明の投稿が拡散,日本ファクトチェックセンター,https://www.factcheckcenter.jp/fact-check/disasters/baseless_nankai_trough_earthquake_aug14/,JFC の公開ファクトチェック記事を基にした実在ネット記事ケース,2024年8月14日に南海トラフはおこります,判断保留,災害,https://www.factcheckcenter.jp/fact-check/disasters/baseless_nankai_trough_earthquake_aug14/,True,True,1,82
jfc-hold-14-saga-invalid-votes-fraud-claim-unfounded,衆院選・佐賀1区で無効5000票、不正選挙の疑惑? 無効票は毎回数千票、選管「トラブルなし」,日本ファクトチェックセンター,https://www.factcheckcenter.jp/fact-check/politics/saga-invalid-votes-fraud-claim-unfounded/,JFC の公開ファクトチェック記事を基にした実在ネット記事ケース,"「もう止まらない、不正選挙疑惑」
10選を果たしていた、 ゆうこく連合・原口一博代表が1000票差で落選した佐賀1区では 「無効票」が5000票以上もあった。 
選挙結果を左右する票数である。
全国各地の小選挙区でも、こうした大量の無効票が発生しているようだ
無効票は本当に「無効票」なのか?",判断保留,一般,https://www.factcheckcenter.jp/fact-check/politics/saga-invalid-votes-fraud-claim-unfounded/,True,True,1,82
jfc-hold-15-baseless-fanta-orange-1970-additives,1970年代のファンタオレンジ、添加物はたった3つ？ 表示義務の変更,日本ファクトチェックセンター,https://www.factcheckcenter.jp/fact-check/health/baseless-fanta-orange-1970-additives/,JFC の公開ファクトチェック記事を基にした実在ネット記事ケース,"1970年代のファンタオレンジ
使われている添加物はたった3つ",判断保留,医療,https://www.factcheckcenter.jp/fact-check/health/baseless-fanta-orange-1970-additives/,True,True,1,82
jfc-hold-16-no-evidence-a-sign-made-by-chinese-people,中国人が「コノ先日本國憲法通用セズ」という看板を勝手に作っている? フィクションが元ネタのいたずら看板,日本ファクトチェックセンター,https://www.factcheckcenter.jp/fact-check/international/no-evidence-a-sign-made-by-chinese-people/,JFC の公開ファクトチェック記事を基にした実在ネット記事ケース,"中国人が勝手にこんな物を作っている
「コノ先日本国憲法通用セズ」",判断保留,一般,https://www.factcheckcenter.jp/fact-check/international/no-evidence-a-sign-made-by-chinese-people/,True,True,1,82
jfc-hold-17-baseless-koike-google-personal-data,Google Earth の画像に日本上空の巨大なスパイダーマンが写った？,Snopes,https://www.snopes.com/fact-check/spiderman-google-earth-japan/,Snopes の公開ファクトチェック記事を基にした実在ネット記事ケース,TikTokerが日本でスパイダーマンを発見した,判断保留,一般,https://www.snopes.com/fact-check/spiderman-google-earth-japan/,True,True,1,82
jfc-hold-18-mhlw-staff-vaccination-rate-uncertain,厚生労働省の職員のワクチン接種率が10％？,日本ファクトチェックセンター,https://www.factcheckcenter.jp/fact-check/health/mhlw-staff-vaccination-rate-uncertain/,JFC の公開ファクトチェック記事を基にした実在ネット記事ケース,昨日行われた「新型コロナワクチン接種と死亡事例の因果関係を考える会」で厚生労働省の職員のワクチン接種率が10%と判明。,判断保留,医療,https://www.factcheckcenter.jp/fact-check/health/mhlw-staff-vaccination-rate-uncertain/,True,True,1,82
jfc-hold-19-baseless-xi-jinping-fell-from-chair,習近平国家主席が脳卒中で倒れた？ 椅子から転げ落ちたという画像が拡散,日本ファクトチェックセンター,https://www.factcheckcenter.jp/fact-check/international/baseless-xi-jinping-fell-from-chair/,JFC の公開ファクトチェック記事を基にした実在ネット記事ケース,中国共産党の全体会議の写真に、習近平が突然、痛みに震えて椅子から転げ落ちる様子が写っている。おそらく脳卒中だったのだろう。あるいは、衰弱の発作だったのかもしれない。,判断保留,一般,https://www.factcheckcenter.jp/fact-check/international/baseless-xi-jinping-fell-from-chair/,True,True,1,82
jfc-hold-20-baseless-mynaportal-major-cut-in-administrative-costs-for-benefits,石破首相「マイナポータルで給付の事務費大幅削減」? 自治体からは批判,日本ファクトチェックセンター,https://www.factcheckcenter.jp/fact-check/politics/baseless-mynaportal-major-cut-in-administrative-costs-for-benefits/,JFC の公開ファクトチェック記事を基にした実在ネット記事ケース,石破首相「マイナポータルで給付の事務費大幅削減」,判断保留,一般,https://www.factcheckcenter.jp/fact-check/politics/baseless-mynaportal-major-cut-in-administrative-costs-for-benefits/,True,True,1,82
jfc-inaccurate-01-politicians-zero-inheritance-tax,政治家だけ相続税0円? 申告や納税はすべての人が対象、ただし課税回避の批判も,日本ファクトチェックセンター,https://www.factcheckcenter.jp/fact-check/politics/politicians-zero-inheritance-tax/,JFC の公開ファクトチェック記事を基にした実在ネット記事ケース,政治家だけ相続税は0円,不正確,一般,https://www.factcheckcenter.jp/fact-check/politics/politicians-zero-inheritance-tax/,True,True,1,82
jfc-inaccurate-02-did-it-take-only-four-months-for-the-takaichi-administration-to-reach-the-mining-stage,「高市政権発足4ヶ月でレアアースが一気に採掘にたどり着いた」?十年以上前からのプロジェクト,日本ファクトチェックセンター,https://www.factcheckcenter.jp/fact-check/economics/did-it-take-only-four-months-for-the-takaichi-administration-to-reach-the-mining-stage/,JFC の公開ファクトチェック記事を基にした実在ネット記事ケース,"故石原慎太郎氏が、都知事辞職の記者会見(2012年)で｢南鳥島沖でレアアースを発見したが、通産省がやらせてくれない｣と悔しそうに話されてました。
高市政権発足4ヶ月で一気に採掘まで辿り着けたのを見ていると、いかに日本は中国にペコペコする人たちに長い間邪魔されてきたかということ",不正確,金融,https://www.factcheckcenter.jp/fact-check/economics/did-it-take-only-four-months-for-the-takaichi-administration-to-reach-the-mining-stage/,True,True,1,82
jfc-inaccurate-03-japan-is-not-expanding-the-pakistani-intake-to-50thousands,日本がパキスタン人受け入れを5万人に拡大? そのような方針はない,日本ファクトチェックセンター,https://www.factcheckcenter.jp/fact-check/international/japan-is-not-expanding-the-pakistani-intake-to-50thousands/,JFC の公開ファクトチェック記事を基にした実在ネット記事ケース,日本がパキスタン人受け入れを5万人に拡大,不正確,一般,https://www.factcheckcenter.jp/fact-check/international/japan-is-not-expanding-the-pakistani-intake-to-50thousands/,True,True,1,82
jfc-inaccurate-04-inaccurate-kyoto-hotel-prices-collapse,京都のホテル代が暴落? 首相の台湾有事発言後も微増,日本ファクトチェックセンター,https://www.factcheckcenter.jp/fact-check/lifestyle/inaccurate-kyoto-hotel-prices-collapse/,JFC の公開ファクトチェック記事を基にした実在ネット記事ケース,中国人観光客のキャンセルが相次いでおり、京都市内のホテル代が暴落している,不正確,一般,https://www.factcheckcenter.jp/fact-check/lifestyle/inaccurate-kyoto-hotel-prices-collapse/,True,True,1,82
jfc-inaccurate-05-inaccurate-gates-abondons-climate-action,ビル・ゲイツ氏が気候変動対策から撤退? 撤退ではなく新たな方法論を提言,日本ファクトチェックセンター,https://www.factcheckcenter.jp/fact-check/environment/inaccurate-gates-abondons-climate-action/,JFC の公開ファクトチェック記事を基にした実在ネット記事ケース,ビル・ゲイツ氏が気候変動対策から撤退,不正確,一般,https://www.factcheckcenter.jp/fact-check/environment/inaccurate-gates-abondons-climate-action/,True,True,1,82
jfc-inaccurate-06-inaccurate-trump-administration-admits-covid-shots-are-crime-against-humanity,新型コロナワクチンは人類に対する犯罪? 米トランプ政権がその被害を認めた? 接種の推奨範囲を縮小,日本ファクトチェックセンター,https://www.factcheckcenter.jp/fact-check/health/inaccurate-trump-administration-admits-covid-shots-are-crime-against-humanity/,JFC の公開ファクトチェック記事を基にした実在ネット記事ケース,コロナワクチン接種は、人類に対する犯罪。米国もトランプ政権がその被害を認めている。,不正確,医療,https://www.factcheckcenter.jp/fact-check/health/inaccurate-trump-administration-admits-covid-shots-are-crime-against-humanity/,True,True,1,82
jfc-inaccurate-07-inaccurate-favoratism-toward-chinese-students,中国人留学生は学費がほぼ無料? 政府奨学金は各国からの留学生の2.8%,日本ファクトチェックセンター,https://www.factcheckcenter.jp/fact-check/duo-yang-xing/inaccurate-favoratism-toward-chinese-students/,JFC の公開ファクトチェック記事を基にした実在ネット記事ケース,中国人留学生は学費がほぼ無料。奨学金毎月１７万円・学費免除・家賃３万円。,不正確,一般,https://www.factcheckcenter.jp/fact-check/duo-yang-xing/inaccurate-favoratism-toward-chinese-students/,True,True,1,82
jfc-inaccurate-08-inaccurate-foreigners-obtain-the-national-certification-for-care-workers,介護福祉士の国家資格は外国人だと不合格でも取得OK? 国籍関係なしの特例運用,日本ファクトチェックセンター,https://www.factcheckcenter.jp/fact-check/diversity/inaccurate-foreigners-obtain-the-national-certification-for-care-workers/,JFC の公開ファクトチェック記事を基にした実在ネット記事ケース,"日本人だと試験に不合格だと介護福祉士の国家資格はもちろん取れませんが、外国人だと「不合格でもＯＫ」
特例適用８０００人は外国人が中心。
日本政府は、外国人だけ有利にして日本人が損する措置が大好きだよね。",不正確,一般,https://www.factcheckcenter.jp/fact-check/diversity/inaccurate-foreigners-obtain-the-national-certification-for-care-workers/,True,True,1,82
jfc-inaccurate-09-inaccurate-claim-ministry-of-economy-trade-and-industry-did-not-state-they-did-not-measure-9-nuclides-other-than-tritium,経産省、トリチウム以外の9核種は測定していないと答弁？,日本ファクトチェックセンター,https://www.factcheckcenter.jp/fact-check/nuclear/inaccurate-claim-ministry-of-economy-trade-and-industry-did-not-state-they-did-not-measure-9-nuclides-other-than-tritium/,JFC の公開ファクトチェック記事を基にした実在ネット記事ケース,"トリチウム以外の核種も最低「9種類」あるけど、 トリチウム以外は測ってもいません! という驚愕の答弁!
そんなの「汚染水」以外の何ものでもないやろ・・・
#川内ひろし(立憲民主党/鹿児島1区)",不正確,一般,https://www.factcheckcenter.jp/fact-check/nuclear/inaccurate-claim-ministry-of-economy-trade-and-industry-did-not-state-they-did-not-measure-9-nuclides-other-than-tritium/,True,True,1,82
jfc-inaccurate-10-inaccurate-kurdish-group-tv-report,日本では太っていることが違法になった？,Snopes,https://www.snopes.com/fact-check/the-metabo-law/,Snopes の公開ファクトチェック記事を基にした実在ネット記事ケース,日本では、国民が太っていることを違法とする法律がある,不正確,一般,https://www.snopes.com/fact-check/the-metabo-law/,True,True,1,82
jfc-inaccurate-11-inaccurate-volunteer-recruitment-n-noto-peninsula-earthquake,能登半島地震 「ボランティアを募集していない」？,日本ファクトチェックセンター,https://www.factcheckcenter.jp/fact-check/disasters/inaccurate-volunteer-recruitment-n-noto-peninsula-earthquake/,JFC の公開ファクトチェック記事を基にした実在ネット記事ケース,震災から３ヶ月たったが現在ボランティアは殆どいない状況。募集をしていない、しても来ない、それは寝泊まりする場所も水も食料もないからです。,不正確,災害,https://www.factcheckcenter.jp/fact-check/disasters/inaccurate-volunteer-recruitment-n-noto-peninsula-earthquake/,True,True,1,82
jfc-inaccurate-12-matsumoto-chief-cabinet-secretary-great-kanto-earthquake-korean-massacre-records-inaccurate,松野官房長官「事実関係を把握する記録は政府内に見当たらない」は本当？,日本ファクトチェックセンター,https://www.factcheckcenter.jp/fact-check/history/matsumoto-chief-cabinet-secretary-great-kanto-earthquake-korean-massacre-records-inaccurate/,JFC の公開ファクトチェック記事を基にした実在ネット記事ケース,2023年8月30日、松野官房長官は記者会見で、関東大震災当時の朝鮮人虐殺について「政府内において事実関係を把握することのできる記録は見当たらない」と2回発言した。,不正確,一般,https://www.factcheckcenter.jp/fact-check/history/matsumoto-chief-cabinet-secretary-great-kanto-earthquake-korean-massacre-records-inaccurate/,True,True,1,82
jfc-inaccurate-13-ohio-train-derailment-disaster-hidden-reporter-arrested-false,オハイオ州の脱線事故で災害を隠すために記者が逮捕された？,日本ファクトチェックセンター,https://www.factcheckcenter.jp/fact-check/affairs/ohio-train-derailment-disaster-hidden-reporter-arrested-false/,JFC の公開ファクトチェック記事を基にした実在ネット記事ケース,"🇹🇷トルコ地震により発信を控えてました、今更ですが…
🇺🇸オハイオ州で50両編成の列車が脱線し数千ガロンの発がん性塩化ビニルが流出されました。
何かやばそうです。
脱線事故を報道した記者が逮捕されているらしい…
米国史上最悪の災害の一つ~半径10マイルに有毒ガス⚠️
これを隠したかった？🛸👽🐸",不正確,一般,https://www.factcheckcenter.jp/fact-check/affairs/ohio-train-derailment-disaster-hidden-reporter-arrested-false/,True,True,1,82
jfc-inaccurate-14-inaccurate-video-of-transgender-martial-artist-breaking-opponents-skull,トランスジェンダーの格闘家が試合相手の頭蓋骨を折った？,日本ファクトチェックセンター,https://www.factcheckcenter.jp/fact-check/lgbtq/inaccurate-video-of-transgender-martial-artist-breaking-opponents-skull/,JFC の公開ファクトチェック記事を基にした実在ネット記事ケース,【トランスジェンダーの末路】トランスジェンダーの格闘家ファロン・フォックスが39秒で相手を倒し、頭蓋骨を骨折させる。以前はこれを女性に対する暴力と呼んでいましたが、今ではトランスの権利として祝福されています。,不正確,一般,https://www.factcheckcenter.jp/fact-check/lgbtq/inaccurate-video-of-transgender-martial-artist-breaking-opponents-skull/,True,True,1,82
jfc-inaccurate-15-inaccurate-claims-about-drone-delivery,普及が進まないのは鳥に襲われるから？動画は警察による犯罪対策の訓練,日本ファクトチェックセンター,https://www.factcheckcenter.jp/fact-check/science/inaccurate-claims-about-drone-delivery/,JFC の公開ファクトチェック記事を基にした実在ネット記事ケース,ドローン配送の普及が進まないのは鳥に襲われるから,不正確,一般,https://www.factcheckcenter.jp/fact-check/science/inaccurate-claims-about-drone-delivery/,True,True,1,82
jfc-inaccurate-16-inaccuracies-in-keio-baseball-cheering,慶応は野球の応援が単位になる？,日本ファクトチェックセンター,https://www.factcheckcenter.jp/fact-check/culture/inaccuracies-in-keio-baseball-cheering/,JFC の公開ファクトチェック記事を基にした実在ネット記事ケース,"応援をすると「単位をもらえる」学部も
さらに大空さんは「けっこうこの勝利には理由があるなと。応援が、すごかったじゃないですか?」と、知る人ぞ知る裏事情にも言及。
自身の学生時代を振り返り、「僕みたいなタイプは、絶対に野球の応援なんか行かない、と思ってたわけです。大学の入学までは」「ただ僕は早慶戦を何回も応援したことがあるんです。なぜかというと、応援に行くことによって、私の学部は単位をもらえるわけですよ」と舞台裏を打ち明け、谷原さんは「えー」と驚きの表情を浮かべていました。",不正確,一般,https://www.factcheckcenter.jp/fact-check/culture/inaccuracies-in-keio-baseball-cheering/,True,True,1,82
jfc-inaccurate-17-japan-iran-visa-indefinite-extension,日本政府がイラン国民のビザを無期限に延長? 対象は帰国困難になった外国人への対応,日本ファクトチェックセンター,https://www.factcheckcenter.jp/fact-check/politics/japan-iran-visa-indefinite-extension/,JFC の公開ファクトチェック記事を基にした実在ネット記事ケース,日本政府がイラン国民のビザを無期限に延長するんだって。リプで海外の人から日本政府ボロクソに言われてるじゃねーか,不正確,一般,https://www.factcheckcenter.jp/fact-check/politics/japan-iran-visa-indefinite-extension/,True,True,1,82
jfc-inaccurate-18-ion-stores-atm-credit-card-inaccessibility-inaccurate,イオンでATM、クレジットカードが使えなくなる？,日本ファクトチェックセンター,https://www.factcheckcenter.jp/fact-check/economics/ion-stores-atm-credit-card-inaccessibility-inaccurate/,JFC の公開ファクトチェック記事を基にした実在ネット記事ケース,"世界規模で銀行がストップしてます,日本でもイオンがこれからATM,クレジットカードが使えなくなると店員さんが説明してる,遂に来たね,10月3日から引き落としが止まる確か15日迄と聞いてます",不正確,金融,https://www.factcheckcenter.jp/fact-check/economics/ion-stores-atm-credit-card-inaccessibility-inaccurate/,True,True,1,82
jfc-inaccurate-19-factcheck-us-department-of-state-officially-declared-islam-a-threat,米国務省がイスラム教を脅威と宣言? 指摘したのは「イスラム過激派」,日本ファクトチェックセンター,https://www.factcheckcenter.jp/fact-check/international/factcheck-us-department-of-state-officially-declared-islam-a-threat/,JFC の公開ファクトチェック記事を基にした実在ネット記事ケース,アメリカ国務省が公式にイスラム教は”脅威”であると宣言しました,不正確,一般,https://www.factcheckcenter.jp/fact-check/international/factcheck-us-department-of-state-officially-declared-islam-a-threat/,True,True,1,82
jfc-inaccurate-20-inaccurate-9000yen-to-a-muslims-school-lunch,東京都はムスリム園児の給食に月9000円を支給？対象や用途は限定されず,日本ファクトチェックセンター,https://www.factcheckcenter.jp/fact-check/lifestyle/inaccurate-9000yen-to-a-muslims-school-lunch/,JFC の公開ファクトチェック記事を基にした実在ネット記事ケース,東京都がムスリムの園児1人につき毎月9000円を給食のために支給している,不正確,一般,https://www.factcheckcenter.jp/fact-check/lifestyle/inaccurate-9000yen-to-a-muslims-school-lunch/,True,True,1,82
jfc-false-01-trump-im-the-last-to-use-nukes,トランプ米大統領が「私は核兵器を使う最後の人間になるだろう」と発言? 2016年の発言の誤訳,日本ファクトチェックセンター,https://www.factcheckcenter.jp/fact-check/international/trump-im-the-last-to-use-nukes/,JFC の公開ファクトチェック記事を基にした実在ネット記事ケース,トランプ氏が、現在の中東情勢を受けて「私は核兵器を使う最後の人間になるだろう」と発言した。,誤り,一般,https://www.factcheckcenter.jp/fact-check/international/trump-im-the-last-to-use-nukes/,True,True,1,82
jfc-false-02-did-noda-yoshihiko-said-spy-prevention-law-would-violate-spies-human-rights,中道・野田氏「スパイ防止法はスパイの人権を侵害してしまう」と発言? 繰り返し拡散する言説,日本ファクトチェックセンター,https://www.factcheckcenter.jp/fact-check/politics/did-noda-yoshihiko-said-spy-prevention-law-would-violate-spies-human-rights/,JFC の公開ファクトチェック記事を基にした実在ネット記事ケース,野田佳彦氏が「スパイ防止法はスパイの人権を侵害してしまう」と発言した。,誤り,一般,https://www.factcheckcenter.jp/fact-check/politics/did-noda-yoshihiko-said-spy-prevention-law-would-violate-spies-human-rights/,True,True,1,82
jfc-false-03-chemtrail-government-airborne-dispersion-harmful-substances-false,ケムトレイル:飛行機雲に見せかけた有害物質? 世界中で拡散する科学的根拠のない陰謀論,日本ファクトチェックセンター,https://www.factcheckcenter.jp/fact-check/environment/chemtrail-government-airborne-dispersion-harmful-substances-false/,JFC の公開ファクトチェック記事を基にした実在ネット記事ケース,飛行機雲は、政府などが危険な化学物質を散布している「ケムトレイル」である。,誤り,一般,https://www.factcheckcenter.jp/fact-check/environment/chemtrail-government-airborne-dispersion-harmful-substances-false/,True,True,1,82
jfc-false-04-japans-inflation-rate-is-not-the-highest,日本のインフレ率が世界トップ? IMF2026年予測で下位、OECD実績でもG7中5位,日本ファクトチェックセンター,https://www.factcheckcenter.jp/fact-check/economics/japans-inflation-rate-is-not-the-highest/,JFC の公開ファクトチェック記事を基にした実在ネット記事ケース,日本のインフレ率は世界で最も高い。,誤り,金融,https://www.factcheckcenter.jp/fact-check/economics/japans-inflation-rate-is-not-the-highest/,True,True,1,82
jfc-false-05-japan-does-not-have-any-anti-islamic-legislation,日本が反イスラム法を制定し、モスクやブルカを禁止? そのような法律はない,日本ファクトチェックセンター,https://www.factcheckcenter.jp/fact-check/religion/japan-does-not-have-any-anti-islamic-legislation/,JFC の公開ファクトチェック記事を基にした実在ネット記事ケース,日本はモスク建設やブルカの着用などを禁じる反イスラム法を制定した。,誤り,一般,https://www.factcheckcenter.jp/fact-check/religion/japan-does-not-have-any-anti-islamic-legislation/,True,True,1,82
jfc-false-06-pfizer-didnt-admit-covid-jab-causes-cancer,ファイザー社が新型コロナワクチンで大腸ガンが増えると認めた? 関連性は説明していない,日本ファクトチェックセンター,https://www.factcheckcenter.jp/fact-check/health/pfizer-didnt-admit-covid-jab-causes-cancer/,JFC の公開ファクトチェック記事を基にした実在ネット記事ケース,ファイザー社は新型コロナワクチンで大腸がんになると認めた。,誤り,医療,https://www.factcheckcenter.jp/fact-check/health/pfizer-didnt-admit-covid-jab-causes-cancer/,True,True,1,82
jfc-false-07-false-aomori-earthquake-artificial,青森の地震は人工地震? 繰り返し拡散する誤情報(修正あり),日本ファクトチェックセンター,https://www.factcheckcenter.jp/fact-check/disasters/false-aomori-earthquake-artificial/,JFC の公開ファクトチェック記事を基にした実在ネット記事ケース,2025年12月8日に青森県東方沖で起きた地震は人工地震である。,誤り,災害,https://www.factcheckcenter.jp/fact-check/disasters/false-aomori-earthquake-artificial/,True,True,1,82
jfc-false-08-kawaguchi-arrest-foreign-national-ratio,埼玉県川口市で検挙された4人に1人が外国籍? 繰り返し拡散する誤情報,日本ファクトチェックセンター,https://www.factcheckcenter.jp/fact-check/duo-yang-xing/kawaguchi-arrest-foreign-national-ratio/,JFC の公開ファクトチェック記事を基にした実在ネット記事ケース,川口市の検挙人数178人のうち外国籍は135人で約76%を占め、検挙された人の約4人に3人が外国籍である。2024年に川口市内で刑法犯で検挙された外国人のうち、トルコ・中国・ベトナムの3国籍が7割を占める。,誤り,一般,https://www.factcheckcenter.jp/fact-check/duo-yang-xing/kawaguchi-arrest-foreign-national-ratio/,True,True,1,82
jfc-false-09-false-dog-elevator-ai-video,犬がエレベーターの落下を予見して乗ろうとした子どもを助けた? 動画はAI生成,日本ファクトチェックセンター,https://www.factcheckcenter.jp/fact-check/lifestyle/false-dog-elevator-ai-video/,JFC の公開ファクトチェック記事を基にした実在ネット記事ケース,子どもが犬とエレベーターに乗ろうとしたが犬が嫌がって見送り、その直後にエレベーターが落下して命が助かった。,誤り,一般,https://www.factcheckcenter.jp/fact-check/lifestyle/false-dog-elevator-ai-video/,True,True,1,82
jfc-false-10-false-lee-jaemyung-setagaya-comment,世田谷の女性殺害事件で、李在明大統領「日本は責任をとり、謝罪と賠償をするべきだ」と発言? まとめサイトによる誤り,日本ファクトチェックセンター,https://www.factcheckcenter.jp/fact-check/affairs/false-lee-jaemyung-setagaya-comment/,JFC の公開ファクトチェック記事を基にした実在ネット記事ケース,世田谷区で韓国籍女性が殺害された事件について、韓国の李在明大統領が「日本は謝罪と賠償をするべきだ」と発言した。,誤り,一般,https://www.factcheckcenter.jp/fact-check/affairs/false-lee-jaemyung-setagaya-comment/,True,True,1,82
jfc-false-11-false-hometown-africa-nagai-visa,日本の4市がアフリカ諸国のものになり、移民が流入? 「ホームタウン」制度への誤解,日本ファクトチェックセンター,https://www.factcheckcenter.jp/fact-check/diversity/false-hometown-africa-nagai-visa/,JFC の公開ファクトチェック記事を基にした実在ネット記事ケース,"日本政府に問いたい。
「日本は、山形県長井市をタンザニアに与える」「外務省は、長井市ほか3つの市をアフリカ人に与えることを提案」
日本国民に黙って一体何をしたんだ？
国民の怒りを知れ。",誤り,一般,https://www.factcheckcenter.jp/fact-check/diversity/false-hometown-africa-nagai-visa/,True,True,1,82
jfc-false-12-false-celebrity-death-hoaxes-youtube,浜崎あゆみ、友近、ビートたけしが死去? 著名人の偽訃報を発信,日本ファクトチェックセンター,https://www.factcheckcenter.jp/fact-check/culture/false-celebrity-death-hoaxes-youtube/,JFC の公開ファクトチェック記事を基にした実在ネット記事ケース,浜崎あゆみ氏やビートたけし氏、友近氏などの著名人が亡くなった。,誤り,一般,https://www.factcheckcenter.jp/fact-check/culture/false-celebrity-death-hoaxes-youtube/,True,True,1,82
jfc-false-13-false-koizumi-radiated-soil-video,小泉進次郎農水相が放射能汚染土を日本中にばらまいた? 小泉氏就任前に閣議決定し、現在は中間貯蔵施設に,日本ファクトチェックセンター,https://www.factcheckcenter.jp/fact-check/nuclear/false-koizumi-radiated-soil-video/,JFC の公開ファクトチェック記事を基にした実在ネット記事ケース,小泉総理で日本は滅ぶ。放射能汚染土を日本中にばら撒いた小泉農水大臣の罪を暴く。,誤り,一般,https://www.factcheckcenter.jp/fact-check/nuclear/false-koizumi-radiated-soil-video/,True,True,1,82
jfc-false-14-false-asahi-ceremony-flags,朝日新聞入社式にハングル文字や韓国・中国の国旗？改変された画像,日本ファクトチェックセンター,https://www.factcheckcenter.jp/fact-check/media/false-asahi-ceremony-flags/,JFC の公開ファクトチェック記事を基にした実在ネット記事ケース,朝日新聞の入社式では、社旗の脇に韓国と中国の国旗を並べ、ハングル文字を掲げていた。,誤り,一般,https://www.factcheckcenter.jp/fact-check/media/false-asahi-ceremony-flags/,True,True,1,82
jfc-false-15-false-100k-demo-osaka-yoon,大阪で10万人のデモ隊が韓国の尹大統領の拘束など要求？参加者は数十人規模,日本ファクトチェックセンター,https://www.factcheckcenter.jp/fact-check/korea/false-100k-demo-osaka-yoon/,JFC の公開ファクトチェック記事を基にした実在ネット記事ケース,大阪、10万人のデモ隊が韓国の尹錫悦大統領の罷免と拘束、日本と断交し北朝鮮やロシアと国交回復を要求,誤り,一般,https://www.factcheckcenter.jp/fact-check/korea/false-100k-demo-osaka-yoon/,True,True,1,82
jfc-false-16-false-minimum-access-rice-harmful,アメリカ産のミニマムアクセス米は除草剤などで健康に影響? 輸入時に安全検査,日本ファクトチェックセンター,https://www.factcheckcenter.jp/fact-check/food/false-minimum-access-rice-harmful/,JFC の公開ファクトチェック記事を基にした実在ネット記事ケース,【悲報】小泉進次郎さん、91万tあった家畜米の「ななひかり」が残り30万tまで減ってしまい、完全に底をついた場合にはミニマムアクセス米という、除草剤(例：グリホサート、パラコート）、殺虫剤(例：ネオニコチノイド系、有機リン系)等の農薬が頻繁に使われていて、発がん性、内分泌かく乱作用、生殖能力への影響などの懸念があり、生態系への影響も指摘されているアメリカ産米を活用すると宣言してしまう。,誤り,一般,https://www.factcheckcenter.jp/fact-check/food/false-minimum-access-rice-harmful/,True,True,1,82
jfc-false-17-false-hokkaido-ainu-not-jomon,北海道の先住民族はアイヌではなく縄文人？,日本ファクトチェックセンター,https://www.factcheckcenter.jp/fact-check/history/false-hokkaido-ainu-not-jomon/,JFC の公開ファクトチェック記事を基にした実在ネット記事ケース,"北海道の先住民族は縄文人です！
アイヌじゃありません！",誤り,一般,https://www.factcheckcenter.jp/fact-check/history/false-hokkaido-ainu-not-jomon/,True,True,1,82
jfc-false-18-false-planet-alignment-over-pyramid-every-2373,ピラミッド上空に2373年に一度、水星・金星・土星が並ぶ？ 10年以上前から拡散する合成画像,日本ファクトチェックセンター,https://www.factcheckcenter.jp/fact-check/science/false-planet-alignment-over-pyramid-every-2373/,JFC の公開ファクトチェック記事を基にした実在ネット記事ケース,"ギザ（エジプト）のピラミッドの上空に水星、金星、土星が見える。
これは 2373 年に 1 度起こる現象です。
そして今まさに起こっているのです…",誤り,一般,https://www.factcheckcenter.jp/fact-check/science/false-planet-alignment-over-pyramid-every-2373/,True,True,1,82
jfc-false-19-former-ukrainian-commander-zarzhinyi-53-million-dollar-retirement-bbc,前ウクライナ軍司令官ザルジニー氏が退職金5300万ドルを受け取ったとBBCが報道？,日本ファクトチェックセンター,https://www.factcheckcenter.jp/fact-check/masukomi/former-ukrainian-commander-zarzhinyi-53-million-dollar-retirement-bbc/,JFC の公開ファクトチェック記事を基にした実在ネット記事ケース,ウクライナ軍の前司令官ヴァレリー・ザルジニー氏が5300万ドルの退職金を受け取ったとBBCが報じた。,誤り,一般,https://www.factcheckcenter.jp/fact-check/masukomi/former-ukrainian-commander-zarzhinyi-53-million-dollar-retirement-bbc/,True,True,1,82
jfc-false-20-false-epstein-emperor-ai-photo,天皇陛下や上皇陛下がエプスタイン氏と写った画像？AI生成による捏造,日本ファクトチェックセンター,https://www.factcheckcenter.jp/fact-check/ai/false-epstein-emperor-ai-photo/,JFC の公開ファクトチェック記事を基にした実在ネット記事ケース,天皇陛下や上皇陛下がジェフリー・エプスタイン氏と一緒に写っている写真は本物だ。,誤り,一般,https://www.factcheckcenter.jp/fact-check/ai/false-epstein-emperor-ai-photo/,True,True,1,82
